[
	{
		"baseType": {
			"categories": [
				"job"
			],
			"destructionTime": 800,
			"icon": "./../textures/icons/BrickMaker.png",
			"onPlaceAudio": "stonePlace",
			"onRemoveAudio": "stoneDelete",
			"sideall": "furnaceside"
		},
		"generateType": "rotateBlock",
		"litTypeCustomData": {
			"torches": {
				"a": {
					"color": "#c3872e",
					"intensity": 2.5,
					"offsetx": 0,
					"offsety": 0.55,
					"offsetz": 0,
					"range": 8,
					"volume": 0.3
				},
				"b": {
					"color": "#c3872e",
					"intensity": 1,
					"offsetx": 0.55,
					"offsety": -0.25,
					"offsetz": 0,
					"range": 8,
					"volume": 0.2
				}
			}
		},
		"sideFrontLit": "furnacelittop",
		"sideFrontUnlit": "furnaceunlittop",
		"typeName": "NACH0.Types.BrickMaker"
	}
]